{
  "metadata": {
    "generated_at": "2026-01-28T15:56:53.413110",
    "n_subjects": 99,
    "n_folds": 5,
    "random_state": 42,
    "best_model": "Random Forest"
  },
  "models": {
    "Random Forest": {
      "model_name": "Random Forest",
      "mse_mean": 0.01720414932848863,
      "mse_std": 0.00526652458416824,
      "mae_mean": 0.10297095423552176,
      "mae_std": 0.015221358956115857,
      "r2_mean": 0.22990379839417666,
      "r2_std": 0.17034098474334478,
      "rmse_mean": 0.13116458869865993,
      "pearson_r": 0.9253206105625837,
      "pearson_p": 1.227564234330464e-42,
      "spearman_r": 0.9255768355962299,
      "spearman_p": 1.0455320601029244e-42,
      "predictions": [
        0.5541432179942684,
        0.6497823656061753,
        0.48504430071691973,
        0.5445340909090909,
        0.6500954528275956,
        0.553795314618042,
        0.8610596119929456,
        0.44782837502004147,
        0.5136189544582404,
        0.5412357400015412,
        0.5916201502762108,
        0.5185048460798461,
        0.5190315897065897,
        0.5036875546851737,
        0.5505831914998579,
        0.5149376503126502,
        0.45436297097963746,
        0.5091073656061751,
        0.4463349532742388,
        0.5948123118944547,
        0.4489357663940995,
        0.5379381313131313,
        0.616223015873016,
        0.5022352015829284,
        0.6125236806843951,
        0.5878789571659702,
        0.5923719138374662,
        0.44913123543123523,
        0.873166089466089,
        0.4542506619482809,
        0.7692526455026456,
        0.5455968660968661,
        0.856225701459035,
        0.7826746913580246,
        0.4766925790259123,
        0.5544059369692169,
        0.48557320655534925,
        0.5561182951968666,
        0.8337167548500879,
        0.6098311569072071,
        0.4741414502164501,
        0.4750857007190337,
        0.4724623536956868,
        0.5971563578396915,
        0.5265021734558534,
        0.5822824229691876,
        0.5185311688311688,
        0.559499286515953,
        0.6938507936507935,
        0.6801397065897067,
        0.7309234567901232,
        0.6712985008818343,
        0.7619127865961203,
        0.4106629400581779,
        0.49753754609587936,
        0.47346785375118683,
        0.7818646384479719,
        0.5302411184614652,
        0.8737194003527334,
        0.5341629148629149,
        0.5464811613871139,
        0.5515034838618171,
        0.5070714489775093,
        0.42272242794883474,
        0.5547819940770923,
        0.731223496873497,
        0.7121383901371996,
        0.6119761022927689,
        0.4204271965688632,
        0.43569135802469133,
        0.4700303190636522,
        0.5819749193616842,
        0.6577413580246915,
        0.5910131353214688,
        0.4982339020456664,
        0.6743654320987653,
        0.7358492063492063,
        0.46852752124418784,
        0.5176310911310913,
        0.5539590490558024,
        0.6128811087061087,
        0.513604563954564,
        0.5229367724867724,
        0.6016424162257494,
        0.7447906525573189,
        0.7056009986926653,
        0.5574660018993353,
        0.6188830687830689,
        0.5775975315378674,
        0.6676587702421035,
        0.46061552028218666,
        0.5650816741388934,
        0.48174519025240925,
        0.44006002886002876,
        0.5755966897300231,
        0.5092041230374563,
        0.4668013091846424,
        0.6998186067019398,
        0.5068905243915747
      ],
      "actual": [
        0.5999999999999999,
        0.8444444444444443,
        0.4666666666666667,
        0.5333333333333333,
        0.6666666666666667,
        0.5555555555555556,
        0.9333333333333332,
        0.4,
        0.5111111111111111,
        0.5777777777777777,
        0.6,
        0.4444444444444445,
        0.42222222222222217,
        0.5111111111111111,
        0.4888888888888888,
        0.5333333333333334,
        0.3555555555555555,
        0.4444444444444445,
        0.39999999999999997,
        0.5555555555555556,
        0.2666666666666667,
        0.5555555555555556,
        0.711111111111111,
        0.4666666666666666,
        0.711111111111111,
        0.6,
        0.6444444444444444,
        0.42222222222222217,
        1.0,
        0.3333333333333333,
        0.6888888888888889,
        0.5333333333333334,
        0.8222222222222222,
        0.7777777777777778,
        0.42222222222222217,
        0.5777777777777777,
        0.4222222222222222,
        0.5333333333333334,
        0.8666666666666666,
        0.6888888888888889,
        0.48888888888888893,
        0.4444444444444445,
        0.48888888888888893,
        0.5777777777777777,
        0.5555555555555556,
        0.6,
        0.5333333333333332,
        0.5111111111111111,
        0.6222222222222221,
        0.8666666666666666,
        0.7333333333333333,
        0.7333333333333333,
        0.8666666666666668,
        0.3333333333333333,
        0.48888888888888893,
        0.3555555555555555,
        0.888888888888889,
        0.5777777777777777,
        0.8666666666666666,
        0.5333333333333334,
        0.5111111111111111,
        0.44444444444444436,
        0.48888888888888893,
        0.35555555555555557,
        0.5777777777777777,
        0.7555555555555555,
        0.7777777777777778,
        0.5111111111111111,
        0.2888888888888889,
        0.31111111111111106,
        0.4444444444444445,
        0.5777777777777778,
        0.5333333333333333,
        0.5777777777777777,
        0.4444444444444445,
        0.6888888888888889,
        0.7999999999999999,
        0.4444444444444445,
        0.5333333333333334,
        0.5727272727272728,
        0.6444444444444445,
        0.5333333333333333,
        0.5111111111111111,
        0.6666666666666666,
        0.7777777777777778,
        0.8444444444444443,
        0.5555555555555556,
        0.5111111111111112,
        0.6444444444444445,
        0.6666666666666666,
        0.4222222222222222,
        0.5857142857142857,
        0.42222222222222217,
        0.4666666666666666,
        0.5333333333333334,
        0.4888888888888888,
        0.4666666666666666,
        0.711111111111111,
        0.4666666666666666
      ]
    },
    "Gradient Boosting": {
      "model_name": "Gradient Boosting",
      "mse_mean": 0.020588108682058827,
      "mse_std": 0.006728704229147023,
      "mae_mean": 0.11237421665107175,
      "mae_std": 0.020744659935038056,
      "r2_mean": 0.08216574585581542,
      "r2_std": 0.22954717472841069,
      "rmse_mean": 0.14348556959519945,
      "pearson_r": 0.9998766919732165,
      "pearson_p": 8.302786442993092e-177,
      "spearman_r": 0.9974505568281832,
      "spearman_p": 4.9454714413980616e-113,