{
  "metadata": {
    "generated_at": "2026-01-28T14:33:53.974585",
    "n_subjects": 99,
    "n_folds": 5,
    "random_state": 42,
    "best_model": "Gradient Boosting"
  },
  "models": {
    "Random Forest": {
      "model_name": "Random Forest",
      "mse_mean": 0.0013662307088085864,
      "mse_std": 0.001129097540737141,
      "mae_mean": 0.02582308020777016,
      "mae_std": 0.009851937130368405,
      "r2_mean": 0.9439396040035396,
      "r2_std": 0.032283911280466975,
      "rmse_mean": 0.03696255820162596,
      "pearson_r": 0.9957172846566262,
      "pearson_p": 4.003548597183426e-102,
      "spearman_r": 0.9947306744158567,
      "spearman_p": 9.10309033118357e-98,
      "predictions": [
        0.6004839208410641,
        0.8546108465608464,
        0.4629284351451017,
        0.5086558762225427,
        0.6592724066057398,
        0.5450297178130511,
        0.9337955026455024,
        0.4028055635722301,
        0.5023050264550262,
        0.6100320987654322,
        0.59964642685357,
        0.44207469135802446,
        0.44465982844316154,
        0.5097590828924162,
        0.4874549382716047,
        0.5387894340227672,
        0.3563852813852815,
        0.45278487253487204,
        0.3952415424082089,
        0.5648393137726471,
        0.31833959435626114,
        0.5508660734327403,
        0.7171287477954141,
        0.4739733686067018,
        0.7104567179733848,
        0.5982448109210017,
        0.6416195566778898,
        0.40732425044091697,
        0.9338695767195765,
        0.3449677248677249,
        0.6782709155042488,
        0.5344341521793905,
        0.7995447089947089,
        0.7641443562610231,
        0.4308779621612953,
        0.580236756453423,
        0.434708024691358,
        0.5437271227009323,
        0.8567947971781303,
        0.6710752204585535,
        0.49441781305114607,
        0.4600976373714468,
        0.5278589586339585,
        0.566336860670194,
        0.5415252788657549,
        0.5920933181016513,
        0.5226477954144619,
        0.5306252204585536,
        0.6264815696649031,
        0.8570624338624333,
        0.7190657287157287,
        0.722373665223665,
        0.8548661375661369,
        0.3564110229276898,
        0.5037388190292953,
        0.37612513227513233,
        0.8881276014109345,
        0.5648031253578873,
        0.8704609347442678,
        0.5387894340227672,
        0.5102261022927691,
        0.44373447971781294,
        0.46331005291005295,
        0.39031835016835026,
        0.5848544973544973,
        0.7209828924162257,
        0.7720223424723425,
        0.5076168189834859,
        0.326196208112875,
        0.35071375661375676,
        0.4591787477954145,
        0.5835072190155522,
        0.5383464646464645,
        0.5766949334616,
        0.45373090428090385,
        0.679294885361552,
        0.7934676366843034,
        0.4471347442680776,
        0.5374998442474632,
        0.5834090422364233,
        0.6385180936347603,
        0.5217166987333655,
        0.49767513227513205,
        0.6649491983325315,
        0.7759125220458551,
        0.8501088183421517,
        0.5432047619047619,
        0.5171548260381593,
        0.6457838286493046,
        0.6825475869809203,
        0.41811958473625127,
        0.5627984997365946,
        0.4283741622574954,
        0.4681190877024209,
        0.527494532627866,
        0.4926200176366842,
        0.45926344396344354,
        0.7174994708994705,
        0.4670381353214685
      ],
      "actual": [
        0.5999999999999999,
        0.8444444444444443,
        0.4666666666666667,
        0.5333333333333333,
        0.6666666666666667,
        0.5555555555555556,
        0.9333333333333332,
        0.4,
        0.5111111111111111,
        0.5777777777777777,
        0.6,
        0.4444444444444445,
        0.42222222222222217,
        0.5111111111111111,
        0.4888888888888888,
        0.5333333333333334,
        0.3555555555555555,
        0.4444444444444445,
        0.39999999999999997,
        0.5555555555555556,
        0.2666666666666667,
        0.5555555555555556,
        0.711111111111111,
        0.4666666666666666,
        0.711111111111111,
        0.6,
        0.6444444444444444,
        0.42222222222222217,
        1.0,
        0.3333333333333333,
        0.6888888888888889,
        0.5333333333333334,
        0.8222222222222222,
        0.7777777777777778,
        0.42222222222222217,
        0.5777777777777777,
        0.4222222222222222,
        0.5333333333333334,
        0.8666666666666666,
        0.6888888888888889,
        0.48888888888888893,
        0.4444444444444445,
        0.48888888888888893,
        0.5777777777777777,
        0.5555555555555556,
        0.6,
        0.5333333333333332,
        0.5111111111111111,
        0.6222222222222221,
        0.8666666666666666,
        0.7333333333333333,
        0.7333333333333333,
        0.8666666666666668,
        0.3333333333333333,
        0.48888888888888893,
        0.3555555555555555,
        0.888888888888889,
        0.5777777777777777,
        0.8666666666666666,
        0.5333333333333334,
        0.5111111111111111,
        0.44444444444444436,
        0.48888888888888893,
        0.35555555555555557,
        0.5777777777777777,
        0.7555555555555555,
        0.7777777777777778,
        0.5111111111111111,
        0.2888888888888889,
        0.31111111111111106,
        0.4444444444444445,
        0.5777777777777778,
        0.5333333333333333,
        0.5777777777777777,
        0.4444444444444445,
        0.6888888888888889,
        0.7999999999999999,
        0.4444444444444445,
        0.5333333333333334,
        0.5727272727272728,
        0.6444444444444445,
        0.5333333333333333,
        0.5111111111111111,
        0.6666666666666666,
        0.7777777777777778,
        0.8444444444444443,
        0.5555555555555556,
        0.5111111111111112,
        0.6444444444444445,
        0.6666666666666666,
        0.4222222222222222,
        0.5857142857142857,
        0.42222222222222217,
        0.4666666666666666,
        0.5333333333333334,
        0.4888888888888888,
        0.4666666666666666,
        0.711111111111111,
        0.4666666666666666
      ]
    },
    "Gradient Boosting": {
      "model_name": "Gradient Boosting",
      "mse_mean": 0.0011038092930701943,
      "mse_std": 0.00045770783919312803,
      "mae_mean": 0.024600814657894748,
      "mae_std": 0.005474638481755596,
      "r2_mean": 0.9503735513405338,
      "r2_std": 0.01532007933487007,
      "rmse_mean": 0.03322362552567366,
      "pearson_r": 0.9999470251444366,
      "pearson_p": 1.3311858820084413e-194,
      "spearman_r": 0.9978868230712031,
      "spearman_p": 5.564319398021833e-117,